,precision,recall,f1-score,support
living,0.6825396825396826,0.86,0.7610619469026547,50.0
deceased,0.4166666666666667,0.2,0.2702702702702703,25.0
accuracy,0.64,0.64,0.64,0.64
macro avg,0.5496031746031746,0.53,0.5156661085864624,75.0
weighted avg,0.593915343915344,0.64,0.5974647213585266,75.0
