,precision,recall,f1-score,support
living,0.7142857142857143,0.8333333333333334,0.7692307692307692,42.0
deceased,0.36363636363636365,0.2222222222222222,0.27586206896551724,18.0
accuracy,0.65,0.65,0.65,0.65
macro avg,0.538961038961039,0.5277777777777778,0.5225464190981433,60.0
weighted avg,0.6090909090909091,0.65,0.6212201591511936,60.0
