,precision,recall,f1-score,support
living,0.8108108108108109,0.75,0.7792207792207791,40.0
deceased,0.5652173913043478,0.65,0.6046511627906976,20.0
accuracy,0.7166666666666667,0.7166666666666667,0.7166666666666667,0.7166666666666667
macro avg,0.6880141010575793,0.7,0.6919359710057384,60.0
weighted avg,0.7289463376419898,0.7166666666666667,0.7210309070774187,60.0
