,precision,recall,f1-score,support
living,0.7307692307692307,0.9047619047619048,0.8085106382978723,42.0
deceased,0.5,0.2222222222222222,0.30769230769230765,18.0
accuracy,0.7,0.7,0.7,0.7
macro avg,0.6153846153846154,0.5634920634920635,0.5581014729950899,60.0
weighted avg,0.6615384615384615,0.7,0.658265139116203,60.0
