,precision,recall,f1-score,support
living,0.75,0.7924528301886793,0.7706422018348623,53.0
deceased,0.42105263157894735,0.36363636363636365,0.3902439024390244,22.0
accuracy,0.6666666666666666,0.6666666666666666,0.6666666666666666,0.6666666666666666
macro avg,0.5855263157894737,0.5780445969125214,0.5804430521369434,75.0
weighted avg,0.6535087719298246,0.6666666666666666,0.6590587006787498,75.0
