,precision,recall,f1-score,support
living,0.75,0.7358490566037735,0.7428571428571428,53.0
deceased,0.391304347826087,0.4090909090909091,0.4,22.0
accuracy,0.64,0.64,0.64,0.64
macro avg,0.5706521739130435,0.5724699828473413,0.5714285714285714,75.0
weighted avg,0.6447826086956522,0.64,0.6422857142857142,75.0
