,precision,recall,f1-score,support
living,0.8666666666666667,0.78,0.8210526315789474,50.0
deceased,0.6333333333333333,0.76,0.6909090909090909,25.0
accuracy,0.7733333333333333,0.7733333333333333,0.7733333333333333,0.7733333333333333
macro avg,0.75,0.77,0.7559808612440191,75.0
weighted avg,0.788888888888889,0.7733333333333333,0.777671451355662,75.0
